"blues";(25380.7,0);(-54192.6,64257.2);(7832.93,-23227.9);(42715.8,-21310.3);(-29542.5,36169.8);(-7042.46,-28831.1);(13795,-33599.6);(-1013.28,38045.1);(-21144.1,21370.8);(43713.9,-64529.9);(-25667.6,0);(51371.8,-4155.32);(-45291.6,-38072.2);(9451.77,29270.7);(-26396.2,-17130.3);(21313.6,48923.3);(19928.7,-44465.1);(-19682.7,8774.13);(778.408,-18643.5);(-29504.5,21595.8);(37127.6,0);(-64224,27175.5);(61351.1,6389.49);(-62687.3,-25230.8);(47976.5,-19617.4);(-35009.9,17875.7);(1041.64,9138.07);(20312.9,-12979.4);(36946.5,946.269);(-50374.4,-3079.06);(-32820.4,0);(44473.1,2217.69);(-46772.6,-22738.3);(35156.4,47609.4);(2890.8,-50418);(-8191.85,26453.9);(9635.44,-32838.8);(-31545,21196.1);(27720.3,10078.3);(2921.53,-14362.8);(957.41,0);(-73816,-80900.2);(70077.4,239327);(-29035.1,-300353);(-34900.8,78747.2);(210.887,-17114.7);(62543.9,32630.6);(-17411.1,-49316.6);(-5392.27,-5301.43);(19768,8707.2);(-153713,0);(123633,43611.1);(-144825,-70019.2);(100007,173193);(15097.4,-172117);(-63755.4,124282);(86346.1,-78526.1);(-84874.4,50552.6);(104553,-25842);(-101856,-31590.9);(-80386.1,0);(193688,15656.7);(-113075,151585);(-102413,-247890);(146962,-12861.8);(-77690.4,133162);(-3325.82,-81507.4);(45066.6,32792.9);(-40042.6,38166.3);(-9668.43,-86524.6);(117062,0);(-62979,-121511);(-127610,96883.6);(95124.5,120749);(92181.2,-72198.7);(-43234.9,-46550.8);(-782.34,13319.1);(-11663.4,-26517.5);(-31289.4,18860.6);(6405.25,27053);(11676,0);(-106859,190922);(211667,-23944.7);(-268751,-200983);(109604,67444.5);(85212.4,-14769.4);(13944.8,102454);(-72263.6,-55372.3);(28484.1,-34330);(-21941.1,26373);(-26536.3,0);(84235.7,-25988.2);(-134229,-62465);(61005.9,190753);(130620,-175580);(-182972,-6075.02);(65783.3,100211);(25141.7,-40411.5);(10917.3,-12256.3);(-24430.7,-13238.1);
"blues";(30139.1,0);(-24751.5,66994.3);(7888.31,-32336.4);(-21713.9,13737.1);(24769.2,9265.33);(-29012.4,-68295.1);(16168.5,54369.4);(9727.8,-37733.4);(-42240.2,27142.2);(44635.3,-35942.5);(9593.03,0);(26126.7,-35739.6);(-59215.3,8969.03);(56011.9,14301.4);(-52450.8,-36828);(22772.6,52050.5);(-3078.53,-34827.9);(9846.61,23868.3);(-11760.6,-36241.7);(-9394.36,36577.5);(25697.1,0);(60607.3,28107.4);(36842.6,25760.1);(-25803.1,43294.6);(137660,57281);(-134507,82292.9);(-89459.6,-155801);(34793.9,75520.9);(-9896.16,-20332.9);(-32680,62289.2);(405707,0);(-373629,-145681);(286511,265239);(-167933,-335780);(13335.4,387195);(203050,-288278);(-210799,63903.3);(102873,-11034.4);(-83601.2,20424.5);(86091,12386.4);(514893,0);(-993952,-200785);(738515,26999.4);(101237,402464);(-298745,-288130);(252040,100192);(-159554,-172432);(142708,84680.5);(-79565.7,50074.9);(295.776,-106714);(-506411,0);(316970,413134);(233995,-335743);(-123138,-133512);(-132614,-25124.2);(15809.4,124937);(56538.6,-105423);(-98600.2,11954.1);(18040.4,23964.5);(-21529.7,17659.4);(2921.23,0);(254629,-1.05181e+06);(-343025,826693);(-52790.7,-68847.5);(408635,53892.4);(-220367,24689.4);(-89077.6,-53448);(74788.7,-4386.12);(41652.2,53272.3);(-2199.64,-2893.36);(67616.3,0);(-390275,113962);(357130,285476);(-111876,-241112);(115233,263710);(84786.1,-267471);(-123052,59638.5);(-6081.02,-10345.7);(31748.5,80093.8);(19136.1,-83515.8);(-309565,0);(476549,210196);(-185674,-288071);(-215979,242386);(256144,-164415);(-102535,51873);(72210.4,10329.8);(-91208.1,-20527.5);(37027.9,-12509.4);(-14340.2,-6214.8);(284955,0);(-209590,-179636);(11045.4,221108);(76689,-77409.9);(7793.6,19923.2);(-23379.5,-83973.6);(-41047.2,96550);(75041.3,-45995.5);(-52942.1,7266.41);(34075.1,-13816.4);
"classical";(1644.21,0);(-2909.98,42288.5);(-15951.9,-39018.9);(40990.8,-4238.1);(-17752.1,11697.5);(-16416.6,-1074.19);(25500.3,-10226.2);(-778.511,8337.49);(-20764.7,-701.205);(31836.2,23474.5);(-2633.05,0);(18141.8,-1306.33);(-9282.05,-26708.6);(-22333.6,13895.8);(10269.7,9543.23);(-1660.4,1891.22);(16378.3,1746.87);(-9654.27,-20506.4);(-6254.54,20834.1);(19205.7,-16194.2);(-6137.56,0);(26042.2,-34892.7);(-27519.1,32344.1);(22938.5,11568.1);(-11385,-3239.34);(-15427.6,-20912.4);(13433,4590.86);(-3851.01,-3209.46);(5323.64,11785.8);(1337.77,1538.86);(28359.4,0);(-35296.5,-10656.8);(20833.5,33918.9);(6290.2,-32828.4);(-23801.7,12663.1);(13194.2,14059.9);(9959.3,-11331.8);(-14284.9,-2975.65);(7086.7,13548.5);(6204.62,-11559.9);(29186.5,0);(-61310,5706.68);(61268.7,-17584.7);(-43775.3,28691.9);(29226.8,-7127.89);(-10448.5,-22041.8);(-13034.4,4462.03);(5980.94,13444.8);(13940.3,-11336.5);(-1323.22,-6673.59);(-41107.8,0);(35036.7,20754);(-9255.68,-20982);(16300.8,5477.42);(-20345.6,-19990);(9931.15,23873.2);(-1284.26,-24391.8);(-5171.96,19145.4);(10615,-14930.5);(-11019.6,3852.75);(-28193.1,0);(47438.2,8644.89);(-34311,5771.26);(-21349.3,-40114.7);(20316.7,24513.8);(-1868.27,-12489.6);(826.607,7844.08);(8926.91,6078.08);(-18613.1,-14117.4);(5111.41,-1101.14);(-450.827,0);(9207.48,-15699.1);(-38921.6,4121.24);(25086.9,33116.2);(5506.83,-25610.6);(-8577.85,9677.94);(4770.54,-151.237);(6170.43,-1763.69);(-9702.24,-9786.16);(-2214.75,13012.2);(2016.13,0);(-17309.9,-28983.9);(21796.3,38185.6);(11999.3,-26880.7);(-17278.2,14540.7);(14402.5,5157.74);(-7248.6,-769.78);(7560.74,-9730.46);(-15646.3,14559.6);(10410.3,1434.61);(3700.34,0);(-20223.8,13660.2);(33908.7,1337.36);(-29047.4,-15900);(20077.6,22453.1);(-10818.4,-24018.1);(4565.37,20418.9);(-3570.63,-19871.3);(-3021.54,21330.6);(9995.32,-16138.2);
"classical";(-6846.53,0);(5631.56,-3684.23);(865.181,1977.2);(202.383,1124.26);(-5251.68,-1526.44);(2230.71,2962.44);(-391.68,-3923.54);(-92.2997,1536.64);(3920.52,-14006.3);(-15227.1,42720.3);(2917.14,0);(-6027.78,800.848);(6154.99,4269.83);(-1044.05,-5696.68);(-1762.84,2470.72);(856.3,107.363);(702.648,-577.998);(-3027.37,-1017.22);(801.648,9349.36);(17589.8,-8897.91);(14297.6,0);(-5877.83,3281.77);(-942.663,-6232.92);(2641.19,4526.71);(-2234.81,533.855);(966.448,1253.93);(-2436.75,-2768.64);(8786.52,-1099.27);(8453.08,5696.2);(-42211.6,-4442.41);(12060.2,0);(-7087.68,-4401.76);(6123.93,1496.76);(-7113.2,-3633.47);(4425.63,4141.74);(-3812.76,-1729.1);(7770.66,570.894);(-11053,-7977.62);(-591.953,14444.4);(8055.01,1820.92);(7657.21,0);(-8824.67,620.469);(3936.62,-12895.4);(-1575.71,12596.3);(-2225.32,-9965.53);(2950.86,9531.06);(-27.39,-2932.55);(-15978.5,856.792);(13216.3,5156.91);(-4220.05,-44383.1);(-13374.6,0);(12926.3,5331.96);(-4985.61,-7519.53);(3406.61,1174.1);(-5810.8,-41.2736);(8500.36,-2710.64);(-17666.4,-241.512);(20210,13690.6);(-10063.1,-26796.8);(-11447.4,26392.7);(3016.32,0);(-6619.91,14518.4);(6003.18,-16392.2);(11538.7,13618.5);(-14104.6,-13019.8);(14736.4,2209.92);(-8193.45,3438.28);(12872.9,6425);(-33663.8,-1935.73);(45463.5,-14384.7);(6356.56,0);(-2641.76,674.695);(8940.9,-4896.67);(-10780.9,-2846.92);(8137.09,1337.93);(-13016.5,-5637.84);(7008.86,14070.3);(5650.7,-12237.5);(-7168.84,-4591.35);(-11084.9,3932.63);(7445.17,0);(-18572.9,8081.4);(15570.8,-24880.6);(21990.5,2877.29);(-35249.4,11885.7);(-2024.78,-21694.8);(13645.4,18459.4);(-6937.88,-24855.4);(2918.6,24512.9);(4641.72,20672.7);(-24257.2,0);(20669.7,16516.1);(3273.83,-23272.9);(-10646.8,-979.4);(-11338.1,192.487);(2588.05,20393.3);(15545,-13273.4);(-20432.8,1533.38);(17148.8,16297.9);(4033.49,-19092.9);
"country";(40119.6,0);(95154.8,23322.8);(-1.02028e+06,-208096);(1.03606e+06,200406);(-303915,24701);(229925,-128283);(-180894,15919);(236105,126969);(-232961,-228182);(65500,72645.1);(-438104,0);(552412,138266);(-375803,-584662);(-195056,492251);(181315,-115407);(-111275,94403.6);(93178.2,-3019.97);(-4976.25,-11976.1);(-40964.4,-55030.6);(-43431.2,89203.5);(34249.7,0);(-260951,-55393);(1.23078e+06,-126529);(-998086,148683);(-21864.7,143741);(187714,-260630);(-140220,89590.4);(212159,59850.3);(-321745,-9311.52);(98416,-14371.3);(272474,0);(-487424,41200.8);(588791,478507);(78372.9,-716160);(-345220,198756);(106661,-15349.2);(-1492.57,97521.3);(92747.2,-199559);(-229370,81477.3);(164600,58516.7);(30740.5,0);(138318,-58580.5);(-980367,460630);(886538,-453724);(-118862,65467.3);(24203.8,-154390);(21260.6,217579);(-87982.1,-356648);(46911.1,418530);(185.264,-117220);(-226960,0);(391745,-68804.6);(-580183,-354681);(39540.9,675357);(265547,-336730);(-252545,157153);(194657,-43080);(-201888,31843.7);(167229,113753);(-41049.2,-89379.6);(80260.5,0);(-316532,-14937);(910644,-621614);(-760990,594815);(-117651,62328.9);(413572,-146184);(-62476.9,118221);(-154007,-103537);(262551,144500);(-189871,-92348.9);(-25184.1,0);(-200198,281959);(605939,12157.6);(-233184,-435431);(-43568.1,83873.6);(-207636,5264.68);(194789,134282);(-158683,-98536.9);(203756,142354);(-154996,-191822);(214518,0);(-151664,-26979.7);(4046.49,745749);(-84043.2,-830200);(-76730.8,391516);(487457,-249016);(-271763,-30868.9);(-82956,191392);(165456,-259357);(-108534,-13057);(43167.1,0);(103836,-251758);(-506383,146193);(458782,325748);(-77563.3,-385847);(-73111.1,175803);(-26846,-18140.8);(134035,110869);(-13328.2,-188033);(-86462.4,63457);
"country";(-44424.2,0);(-306620,-166157);(927565,271416);(-571062,-340101);(143762,-76809.6);(-165601,287563);(50815.5,140653);(155528,-377148);(-81176.9,406237);(97204.5,-343396);(-41283.9,0);(-202038,202404);(373923,73634.8);(-155133,-169454);(188628,105137);(-106141,-234829);(-12971.8,99838.2);(-104822,-65832);(69842.3,155087);(-25409.8,-114865);(-159479,0);(65369.9,-384253);(304965,963566);(45190.9,-617235);(-158641,42095.8);(27884.4,127886);(-99244.8,-130692);(202036,182992);(-39654.3,-137887);(-34924.6,-45527.5);(444917,0);(-596260,-130674);(366678,516618);(953.954,-384630);(57.2568,237603);(48533.6,-191749);(-13620,105509);(-16846.6,-139612);(-30451.1,130698);(7172.46,-86141.2);(-205732,0);(455251,-290424);(-693589,884824);(408976,-269966);(-75469.8,17249);(-21586.5,-143370);(23795.5,-203511);(26140.2,321335);(24672.5,-91508.2);(-97807,-108400);(471631,0);(-383728,-408936);(-185283,570132);(425624,-144105);(-326349,-58570.2);(199067,215798);(21951.3,-156154);(8924.23,-16121.1);(-143738,-30654.9);(81768.6,173182);(-158896,0);(562099,97097.9);(-1.17556e+06,21125.5);(346997,49372.2);(41304.3,-143285);(63482.4,52540.2);(128106,-22508);(-176822,87884.4);(149375,-45142.3);(-115333,47654.4);(-22341.2,0);(297792,-288295);(-724133,-53695);(432062,573786);(-9123.39,-508408);(-158904,308430);(136981,-81202.5);(-10147.6,39079.7);(-34954.1,-47075);(81647.6,79294.8);(-59481.9,0);(270433,547887);(-611253,-1.00583e+06);(237412,290192);(201288,143218);(-85064.4,18443.2);(-15456.6,34280.8);(-192762,13246);(156871,181.19);(-51991.4,-25119);(-193513,0);(418163,45954.4);(-254406,-550683);(-366057,439307);(392627,73857.9);(-111429,-221186);(-82418.3,148211);(121212,20420.4);(-16330.2,-93198.8);(-57993.9,66145.8);
"disco";(-23273.9,0);(-24958.7,-22129);(97061,220410);(-407013,-878280);(372302,756381);(-56833,-95538.4);(-74105.7,10449.1);(131728,-1914.13);(-52911.6,21292.1);(25729.9,33231);(-167383,0);(155169,72916.2);(-181388,-249284);(-175313,436481);(445472,-37116.1);(-158748,-182203);(60476.5,61030.7);(-83048,-58563.1);(46822.9,76559.7);(-2700.76,-31274.1);(-29000.4,0);(40205.7,16962.7);(-124345,-115789);(733405,527728);(-674296,-470600);(95721.2,35155.3);(-32030.5,69176.5);(67075.5,-123583);(-17063.9,36499.9);(-57125,-10805.8);(167436,0);(-184470,-28519);(272073,173360);(-29627.5,-475041);(-398053,232554);(258976,114069);(-118499,-119379);(29866.8,132363);(8903.54,-71831.7);(-31344.8,73571.1);(-13202.4,0);(-53027.1,18690.7);(266651,34676.1);(-1.12198e+06,-147178);(977763,75033.2);(-142327,7724.49);(35010.7,76194.4);(-65739.5,-115521);(33644.4,18692.2);(-16115.7,-10786.4);(-230585,0);(243071,1671.21);(-406890,-73679.4);(347314,516894);(242534,-522432);(-294719,57100.6);(84818.6,-352.711);(-48615.2,53738.7);(96032,-64570.3);(-95628.1,-13732.7);(-45705.1,0);(75578.1,9589.61);(-222065,-16369);(939567,-338620);(-714442,484508);(8135.46,-147695);(108979,97047.4);(-247048,-98572.8);(113104,13452.7);(4034.87,-18216.9);(190694,0);(-227211,59972.7);(433320,-83715.8);(-627504,-364640);(75731,712138);(260059,-345461);(-224758,167136);(211829,7059.77);(-45601.7,-78028.9);(-40420.1,17858.9);(-34465.9,0);(18204,-1367.02);(59832.7,-80269.8);(-671597,229466);(902403,54199.8);(-231178,-102929);(-10275.7,-30622.2);(176275,91639.8);(-260899,-85580.2);(50786.8,-14453.2);(22536.5,0);(-23775.1,-14638);(-37116.7,28398.8);(35021.8,130046);(207659,-74405.5);(-126134,-145404);(37578.7,125469);(44692.8,-180346);(-170943,58312.5);(98188.4,59624.4);
"disco";(-67972.2,0);(-129142,-486073);(1.00669e+06,718459);(-743790,-658944);(-552706,1.26216e+06);(656532,-804583);(-120157,138507);(-104697,-10468.6);(101521,111813);(-11028.5,-50846.2);(605246,0);(-921768,-94881.2);(794687,830621);(9986.18,-1.03032e+06);(-527519,491390);(298089,39504.2);(-2764.92,37226.2);(42434.3,-106840);(-39167,100666);(74736.7,-92167.6);(-103118,0);(259167,305851);(-425789,347556);(-85008.7,-521753);(204127,300545);(71860,-83657.2);(29959.8,-69156.8);(-12533.4,92747);(-53768.3,-124820);(9897.29,-17253.9);(288175,0);(-1061.68,-423595);(-550476,219809);(414794,325510);(-41851.1,-276563);(14175.4,124067);(-32918.7,-60427.9);(109539,46036.9);(-128899,-132682);(55609.5,165936);(53572.9,0);(67000.6,80816.7);(-431686,149066);(341323,11490.8);(-170176,-211853);(51972.3,118917);(846.787,48454.2);(102213,-190520);(-90307.3,207284);(15869.1,-17382.4);(132941,0);(20138.7,-178196);(-230740,39533.3);(149774,160986);(-14839.2,-189726);(-87303.2,138879);(106502,-78958);(-160143,14040.9);(86586.2,109784);(18672.5,-72464.9);(-92759.6,0);(21252.6,114832);(-52939.9,-58940.9);(11392.4,58390.5);(66963.6,-134611);(-36094.1,49709.4);(9516.66,15427.7);(-238408,91245.2);(311984,-168740);(-85111.6,44190.5);(-102514,0);(137431,-1253.18);(-148394,-61394.9);(98800.3,116325);(-19090.5,-99021.7);(19639,25238.8);(-106709,-23608.8);(118057,168350);(72120,-200984);(-121080,46898.8);(-28504.1,0);(190584,29828.2);(-307637,-28128.2);(49474.9,30077.5);(119263,-121877);(-31843.9,81567.6);(-17077.1,-26828.7);(92115.3,214179);(-93211.4,-397330);(13109.6,148248);(25630.1,0);(55720.4,-85462.6);(-177759,-10799.7);(87410.8,169734);(70883.7,-118426);(-68374,106.315);(-2206.28,41348.1);(91826.2,4521.15);(-46259.5,-137993);(-86655.6,93632.4);
"hiphop";(-290977,0);(135247,-25474.8);(-3081.79,7043.07);(-15380.1,11187.3);(1219.39,7626.09);(20813.5,-12930.6);(1533.4,-12796.3);(-35477.9,-12135.2);(35347,-80338.9);(-13561,232841);(-131780,0);(40926.5,95148.1);(21303.1,-41832.5);(-4767.18,21533.9);(6085.73,-27645.9);(-18421.5,29751.2);(28851.8,-22361.3);(-50606.3,23559.5);(85449.6,40736.7);(11080.6,-100409);(-190351,0);(50567.3,15662);(39549.2,8744.17);(-22946.8,-10061.5);(7193.66,4933.63);(-9187.83,6972.53);(3847.86,-16537.2);(16052.8,16081.4);(83467.7,-35860.1);(-321843,107349);(-105114,0);(52682.9,58446);(-7788.46,-25009);(17266.2,5902.48);(-17588.3,2539.85);(23584.4,-5067.55);(-16824.6,16784);(27204.1,-49639.3);(-109178,84168.2);(207742,40173.2);(-47709.6,0);(33268.3,52542.2);(-23033.3,-50987.2);(-1302.86,18852.1);(38649.9,-34744);(6523.72,63722.5);(-33345.4,-19740.4);(-20866.8,-61116.2);(137514,184692);(-290311,-313823);(-15356.7,0);(21000,-126.381);(-24812.6,-22763.2);(-12400.5,29680.8);(27930.3,9908.47);(10822.1,-48855.6);(-67290.1,9600.53);(39736.1,17098);(-98366.7,-20549.2);(65356.7,172451);(-87807.2,0);(60929.2,-22584.8);(-42576.6,-11936);(34607.4,27293.1);(-7587.9,-63355.1);(-52321.9,106927);(42663.3,-48593.4);(-46536.6,-13252.3);(38068.7,149552);(149096,-444271);(-79923.6,0);(47887.4,37915);(-26497.4,-30538.5);(17858.3,21633.2);(-30845.9,-8189.53);(62925.1,21278.2);(-72415,-79668.6);(35117.1,118900);(10094.9,-177190);(-173531,153112);(-272817,0);(105046,-30283.6);(16955.6,27822.2);(13937.3,-20553.3);(-4577.53,21683.9);(-86702.2,16291.3);(55543.3,-16206.6);(-65756.6,62570);(-73058.4,-90585.2);(474308,436.896);(-153589,0);(61502.3,97242.4);(11079.6,-38967.2);(7632.05,-8215.49);(-53146,21767.5);(92479.3,31178);(-64963.9,-80677.4);(43219.9,134152);(118272,-181227);(-237716,-50432);
"hiphop";(-32156.3,0);(525112,1.01235e+06);(-770066,-1.36579e+06);(182083,447644);(11317.3,-156870);(-14594.1,-3937.59);(-156150,76038);(153643,-95661.9);(-1009.19,-23568);(822.419,-13220.7);(-111884,0);(620717,-287079);(-809404,-370318);(278121,556737);(-126961,-343678);(119648,278344);(-133404,-285742);(27994.1,315696);(28567.4,-214882);(-12517.8,172934);(-89836.5,0);(561196,-1.17644e+06);(-733156,1.50139e+06);(-116.179,-393088);(143232,103308);(-7114.21,40104.4);(-111563,-130488);(44120.3,79785.6);(15871.3,35058.3);(-8967.56,14173.8);(599093,0);(-785818,-329410);(177160,877036);(357636,-392014);(-190277,122270);(179544,-83855.8);(-127405,-22115.3);(20404.9,19655.2);(-12261.1,48490);(44428.8,-46382.2);(106983,0);(-1.01742e+06,-102123);(1.43045e+06,143925);(-191873,-113813);(-137598,81565);(81611.4,63598.4);(-126130,-173072);(33874.6,45064.3);(4396.05,40584.8);(8683.23,-4622.92);(-509572,0);(118639,589551);(611724,-333399);(-472013,-317304);(93934.3,338935);(65187.8,-224987);(-68108.4,54530.6);(-17854.7,-43272);(22709.9,66997.2);(-735.305,-72582.1);(-90909.5,0);(430391,1.21353e+06);(-546183,-1.64727e+06);(119239,528021);(-4541.07,-147141);(193010,-93776.5);(-233154,94437.4);(46941.8,-36642.2);(-4271.31,1893.71);(9158.59,-24724.4);(-216602,0);(709077,-170819);(-732637,-553796);(109204,626089);(51440.5,-365642);(-103958,190720);(-20240.8,-68231.3);(63262.2,130277);(-44886.2,-122992);(40544.9,120822);(-144047,0);(900446,-846509);(-1.18113e+06,1.18366e+06);(138541,-352945);(145418,98403.4);(-233596,-46851);(250601,68830.9);(-40453.8,-1302.73);(-35399.1,42104.7);(26899.6,-2760.33);(811173,0);(-777712,-555673);(-59995,887958);(431102,-217541);(-177140,-11237);(70842.5,69288.6);(63114,-15569.6);(-38265.3,-78004.5);(-23177.8,77912.9);(33224.9,-37790.6);
"jazz";(4670.41,0);(5125.16,2270.17);(-18069.7,-2759.19);(3544.4,1609.52);(7886.46,835.137);(-9165.59,-6314.09);(1743.58,7355.32);(-5112.78,-24200.4);(15869.6,32591.8);(-5301.12,3627.03);(1117.09,0);(4632.92,-5261.87);(-11600.5,-2291.84);(4911.18,9861.96);(-599.525,-7671.89);(-334.611,8935.68);(5480.33,-12062.2);(-18930.2,6808.75);(16034.5,15528.2);(7461.19,-14856.5);(-21538.7,0);(13193.6,-252.866);(-12022.6,974.621);(4389.09,2253.22);(2028.01,-1623.95);(-6722.82,-656.568);(11231.6,2792.68);(-21076.6,17820.4);(10346.2,-27231.5);(19378.1,13796.9);(-13956.1,0);(10597.7,3195.69);(-9812.55,-2118.97);(8196.29,3347.98);(-6766.27,-645.918);(7430.23,-1233.08);(-12412.1,6278.55);(24044.6,3503.4);(-10598.9,-16749.1);(3431.22,1676.17);(256.528,0);(22304.9,15278);(-48414.8,-643.739);(15901,-19247.1);(1862.4,-461.105);(3534.93,5753.49);(7488.41,-4481.12);(-2457.34,16447.3);(-9342.67,-50186.8);(22214,11045.1);(-3862.04,0);(22197.1,-15230.5);(-44815.7,-11042.4);(20373.7,41397.5);(6511.92,-31596);(-11065.2,17730);(7136.33,-9675.82);(-577.747,16727.1);(21125.8,-27889.9);(-41777.7,-3351.93);(-1042.81,0);(-19491.2,-65369.8);(18811.8,66095.6);(10737.7,-35314.7);(-22405.5,19481.4);(13183.4,-7642.61);(-8633.57,-7361.42);(25988,26628.7);(-54434.1,59396.5);(26586.1,-113759);(-34247,0);(1582.46,28160);(17991.9,-3123.44);(-7783.46,-11190.9);(-1152.23,10589.5);(-1210.36,-9647.48);(2585.95,23240.9);(27246,-44817.9);(-78451.7,1230.14);(34048,63032.3);(2622.69,0);(-23844.7,21998);(36460.2,-46077.6);(-16259.2,13077.2);(10107.1,-3002.82);(1896.5,4664.53);(-10814.3,-6940.12);(36600.8,8106.65);(19171.1,-73165.2);(-80400.9,117798);(-26153.7,0);(23015,25890.2);(11139.3,-40059.2);(-28784.6,21371.1);(31551.2,-10403.3);(-29892.3,4912.3);(39119.7,-5316.75);(-55576.9,-11105.5);(52785.5,54087.7);(3547.11,-70246.2);
"jazz";(7885.47,0);(-1997.3,19794.6);(-11291.3,-59700.4);(36150.9,32066.2);(-30656.9,-315.941);(13984.1,4864.73);(-8681.65,-4117.7);(-11402.4,1278.13);(55528.5,11520.6);(-34382.7,-4698.3);(-7068.8,0);(10143.3,13768.3);(18085.7,-29328.4);(-38293.1,-3124.98);(14055.1,19566.2);(-5635.72,-9057.62);(6652.73,4117.29);(-18540.1,-2913.95);(19637.3,27132.6);(10318.1,-30961.5);(1702.53,0);(-17377.6,9973.65);(41183.9,-31139.7);(-26758.2,32061.8);(9860.06,-12658.5);(-7294.66,-9926.39);(-1277.2,8994.47);(1516.14,-18722.9);(12800.1,43118.9);(-8316.68,-17258.4);(-10620.9,0);(3307.74,12319.6);(14548.3,-4513.88);(-2870.23,-13161);(-9128.54,43.174);(-101.495,6876.76);(7180.21,-5602.26);(-15348,-5702.42);(471.779,22117.4);(20164.9,-8117.99);(-1787.91,0);(-6526.46,-13757.8);(40947.5,13941.7);(-48490,-7755.68);(10208.3,4055.57);(10321.9,4526.65);(-11110.3,-6901.92);(19161,-8121.17);(-33532.1,32191.6);(11457.2,-12113.9);(5276.88,0);(-15956.3,1633.7);(13601.1,18700.7);(9451.05,-15284.9);(-4582.18,-1341.87);(-2187.64,-3844.53);(2165.95,4551.48);(-2025.82,-15159.5);(-18295.3,13501.7);(16120.3,9251.07);(-1028.52,0);(-3509.86,-8303.92);(12935.4,25863.9);(-6640.65,-32639.1);(12382.9,1238.75);(-16517.9,17230.5);(6103.24,-6505.54);(10122.4,3265.8);(-38839.6,-21803.5);(18331.3,17821.9);(-404.372,0);(-3105.54,766.32);(113.831,2259.07);(-2563.19,4206.4);(11251.6,6515.7);(3694.91,-15581.7);(-11632.4,6342.64);(16053,-273.568);(-12372.9,-16487.4);(-7431.84,15780.4);(-5868.99,0);(25365.6,14845.3);(-45770.6,-16519.9);(26029.4,5076.97);(6601.94,14385.4);(-4119.82,-11863);(-848.604,-3998.64);(-1870.47,20712.4);(-9046.2,-59794.4);(6958.12,32162.8);(9479.44,0);(3713.4,-12473.9);(-14090.5,-2224.8);(-1827.95,6460.24);(-1750.55,8863.89);(14395.6,-2738.81);(-15298.9,-4142.56);(18588,18001);(4964.68,-33107.7);(-26698.6,10439.2);
"metal";(-142180,0);(263278,15328.2);(-359189,-96104.6);(273061,121692);(-225033,-116783);(309506,146696);(-193327,-160149);(38319.6,59310);(31938.6,28400.1);(-198433,-48301.4);(42672.1,0);(-8884.05,-34236.7);(-29204.7,-14560.6);(-25027.4,45763.3);(56084.7,-21659.2);(-73035.6,-31611.2);(3327.57,52850.1);(-11713,-13898.2);(-19214.6,29431);(-11607.1,56168.3);(120708,0);(-64974.2,-21763);(-90527.2,-28007.7);(169866,101356);(-105047,-185671);(39207.5,60931);(-8947.56,83025.9);(28475.4,-78756.3);(-4018,95903.9);(-35940.5,-135432);(-48244.3,0);(74097.4,18231.4);(-39874.3,-75857.1);(-4379.76,64057.7);(30314.5,-69352.5);(-78983.8,19848.9);(32681.5,34658.3);(1155.34,-15152.6);(-24885.4,-7729.06);(-13269.8,80988.6);(32388,0);(-34573.3,-12240.7);(24860.6,100503);(39790.2,-114715);(-144113,176882);(159473,-184971);(-74151.3,-41632.2);(52330.8,67261.8);(-64550.2,43497.6);(62068,-214368);(-17093.5,0);(23947.9,-28526.2);(-69097.5,36805.3);(107858,-17467.7);(-154173,-61410);(70623.3,159745);(26700.5,-117222);(-11785,54441.5);(-31391.4,-102829);(-70860.2,165335);(3001.17,0);(35181.7,36837.2);(-18214.7,-123594);(-32433.8,121193);(166827,-163480);(-263296,227166);(98634.5,-37676.1);(2207.85,-75037.2);(-73238.4,108786);(173923,-137497);(61761.4,0);(-50019.2,-5643.2);(70677.5,1957.28);(-91785.1,-38413.7);(71884.8,119861);(72284.6,-134959);(-113888,-11990.5);(39761.2,61330.7);(411.979,-84440.6);(-76419,73041);(32244.7,0);(-27733.3,-13768.5);(-9583.09,37001.7);(74889.8,-32660.8);(-327009,52853.9);(382829,-92572.3);(-154514,56334);(40191.8,-7243.36);(-75237.7,5362.76);(211614,-18891.6);(-26681.7,0);(32145.1,-4895);(-52620.8,-3170.21);(91184.9,28227.9);(-79595.3,-158387);(-100187,156243);(92236.2,-25092.3);(-45806.9,47862.1);(89727.6,-67693);(-134990,2983.06);
"metal";(-128121,0);(266610,-26761.5);(-270975,-55083.8);(181745,97908.1);(-333073,31156.6);(354257,-295243);(-108423,248681);(-24407,-127680);(12446.5,128661);(9668.88,-51523.8);(26389.5,0);(-15301.5,-57552.1);(-73382.5,71177.4);(134382,-17039.2);(-144421,-148776);(-113475,178460);(119358,59282.2);(-4016.77,-59512.9);(-21527.7,60136.9);(58519.5,-27597.2);(59019.1,0);(-14021.1,264826);(-98754.9,-627334);(44664.7,618943);(-27264.2,-92159.8);(216946,-163780);(-131672,41180.2);(13783,-12634.6);(34841,-25965.5);(-53541,37132);(-12247.7,0);(91201.6,27581.5);(51245.1,-132499);(-94941.9,-53380.5);(-44572.8,5861.46);(-53592.8,50391);(54291.7,27799.3);(-37792.7,-15760.6);(50823.8,44017.6);(-29674.7,-71115.6);(-189735,0);(459645,67949.4);(-472664,81027.2);(-54796.4,-155951);(45938.7,114926);(146423,-72135.4);(-51696,17827.8);(81554,18333.5);(-93419.5,-45675);(26470.3,-12498.2);(223060,0);(-87689,-254597);(-270798,186561);(248482,164224);(-17452.3,-209268);(-85358.6,117670);(79218,-19453);(-28471,-6183.55);(-4891.46,-19322.1);(-31388.5,52390.1);(198449,0);(-233574,272956);(197000,-79574.4);(-124421,-73799.5);(29049.7,98091.6);(-14518.6,-126752);(42485,-25593);(-24463.3,88108.6);(9045.75,-30835.6);(-29549.3,41783);(93186.6,0);(46269,-116807);(-124553,13773.2);(103557,40763.7);(-79467.8,-88593.2);(9839.35,122909);(79121.1,-64368.1);(-43358.1,-29533.6);(-13734.3,24932.7);(42804.2,2745.59);(55725.2,0);(-170902,136163);(90675.1,-31857.3);(65317.3,-27067.6);(-59121.3,-10956);(71308.6,1889.26);(-83574.4,74134.7);(45396.6,-111246);(21415.5,82588.6);(-10978.7,-46319.9);(-54631.1,0);(89041.3,16747.7);(-47736.7,-94201.4);(-29605.1,64046);(34312.3,-25572.4);(-29876.4,-14729.5);(-22325.1,6628.79);(-14052.8,27918.4);(27571,27929.4);(28784.3,-51963.2);
"pop";(171309,0);(-318202,1.3543e+06);(333692,-530517);(-122116,-106275);(-4298.29,7002.87);(-10080.8,50511.4);(50134.2,-26439.6);(-62535.6,36028.6);(56787.6,-6032.92);(-31359.1,-5355.18);(740404,0);(-155172,-580889);(-259182,181472);(103340,42661);(-887.284,-36673.4);(-26258.8,-3916.22);(23059.5,23525.6);(-3650.21,-37507.2);(-4484.85,25645);(17350.4,-29651.8);(-1.60569e+06,0);(1.45519e+06,-639639);(-610578,608490);(51411.3,-153099);(32243.7,-13789.3);(-57643.4,-14147.1);(-5760.78,5879.99);(41404.9,47389);(16995.3,-25706.2);(-49037.5,-11356.8);(33545.1,0);(-512430,113197);(324090,472455);(69545.4,-273594);(-34775.3,132745);(17317.2,-74766.2);(10602.7,74873.6);(-16341,-73429.3);(-9789.33,90816.5);(22588.5,-47025.2);(390068,0);(-481669,-590052);(244691,-219494);(54524,53833.2);(-91622.7,45133.1);(52167.6,-73798.2);(8461.66,85224.2);(58930.7,-58378.9);(37358,-414876);(-159244,579693);(-1.20867e+06,0);(882385,721953);(-150966,-848122);(-151941,456976);(102964,-271357);(-99483.5,223396);(108032,-172780);(-136021,177935);(265969,-51396.1);(-113689,-169902);(1.25769e+06,0);(-788622,-215567);(97042.1,343117);(-69827.9,-113678);(50838.5,77882.8);(9793.9,-7604.8);(9827.76,14445.5);(-38853.3,-29616);(-274247,23363.9);(440091,83967.5);(393237,0);(-139058,-272498);(-50137.6,150441);(65566.5,-53610);(-17410.4,3570.01);(16971.7,-32565.6);(-42364.6,7142);(71312.7,42407.1);(21066.3,-156486);(-174015,48677.2);(-100996,0);(-194065,1.37907e+06);(370589,-541760);(-132477,-60713);(20178.2,18163.4);(36509.7,33142);(-6961.93,-34325.5);(25920.1,-29264.9);(-31624,358386);(9721.44,-348019);(730879,0);(-224014,-525148);(-146778,197684);(21558.4,-21298.7);(48377.7,32790.1);(-67978,-79604.7);(56270.4,108102);(-20693.3,-192169);(-165655,169428);(173955,43222.1);
"pop";(849244,0);(-1.67518e+06,1.56529e+06);(1.5526e+06,-611414);(-471503,-444165);(63430.4,-66795.4);(45463.2,-107143);(16447.6,24232.1);(-4170.87,-57363.7);(3923.24,-24203.3);(7134.48,-28641.6);(-634760,0);(1.1522e+06,-23792.1);(-982198,-736011);(493656,802852);(-178246,-785425);(-43689.7,557248);(74635.5,-392742);(-42016.4,274938);(30612.8,-255972);(-18774.6,199159);(1.57651e+06,0);(-2.0872e+06,-1.4316e+06);(1.09934e+06,707456);(-340795,45206.8);(311610,130567);(-172766,-133258);(30552,41681.3);(15471.5,9790.86);(-9917.42,1765.66);(-4440.38,11692.2);(-1.68114e+06,0);(1.11257e+06,1.08271e+06);(20008.7,-1.02432e+06);(-158231,362330);(29021.7,-252976);(29970.7,199526);(6641.84,-239792);(-24636.4,156667);(19158.3,-156495);(-12434,115181);(457102,0);(-334700,-1.80239e+06);(216085,1.04257e+06);(-298377,20204.4);(162312,-60016.1);(-170026,62155.9);(91533.6,-14652);(-32197.9,51450.2);(-7037.23,-28582.7);(5118.09,12525.8);(-669008,0);(-6432.47,605225);(448517,14524.5);(-10599.6,-263406);(-94028.5,69828.9);(88365.5,-24991.8);(-56311.6,-22139.2);(52955.4,6709.65);(-48152.6,-43464.8);(20624.2,40160.7);(598257,0);(-441400,-808190);(-228157,682558);(361439,-311034);(-129311,-10126.7);(74920.9,154534);(1827.88,-66873.5);(-84237.8,-30026.3);(54089.2,29496.8);(-2543.66,-9024.53);(-526270,0);(368193,268870);(-176196,-314500);(5078.23,303554);(111542,-151980);(-47642.6,23884.1);(-35638.9,-31600.8);(34555.4,84945.1);(8574.55,-80312.1);(-10914.8,53518.8);(804536,0);(-939045,-310529);(485090,-172140);(-109783,318034);(-3811.43,-113741);(73996.9,28257.7);(-15672.6,8726.58);(14038.3,-34827.8);(11911.7,33180.3);(-11546.5,-2478.14);(-663513,0);(543118,427120);(-6097.87,-537192);(-118657,180527);(35171.5,-160165);(-84611.8,115720);(72197.6,-73509);(-68259.1,41740.9);(55779.5,-16926.5);(-22559.6,-103.189);
"reggae";(193835,0);(-354843,181975);(425770,-141650);(-147274,-15395.9);(-29697.9,16427.9);(-13302.5,14426.1);(5417.59,-35745.6);(-355540,141772);(473785,-178433);(-79796,63284.5);(-84935,0);(112003,46041.5);(5863.68,-74604.5);(6058.88,-48060.3);(-87819.6,37599.5);(128258,-6132.5);(-178085,-62056.3);(141628,235539);(120109,-246037);(-145648,19510.1);(212393,0);(-306045,-227545);(43513.2,272247);(71529.5,-123143);(35073.1,-3561.9);(-25282.3,-9354.6);(24499.4,14118.2);(269826,216042);(-384101,-310422);(63313.2,25801.7);(-301433,0);(241389,142456);(-122942,-189321);(32501.5,182302);(55008.4,-126179);(-74367.4,40431.9);(71514.2,65779.2);(113542,-155436);(-252617,-65668.5);(68271.6,202901);(-46452.6,0);(84209.5,-316933);(-51125.6,-2873.9);(58479.6,181784);(-90174.5,-8809.2);(81024.4,-23120.9);(-62128.3,41911.4);(197989,-297945);(-265581,407647);(83639.1,-35120);(-67647.4,0);(-99075.6,161319);(258962,-23257.3);(-181202,-138462);(54529.7,104312);(-74544.3,-38916.4);(128032,27991.2);(-212634,-146087);(36897.6,300854);(124812,-162257);(-227013,0);(342452,-96031.3);(-100760,175042);(-137834,-149990);(69451.6,69817.2);(-26080.8,-37112.1);(31507.5,4552.55);(-398078,-2321.97);(501499,15861.5);(-101440,-39200.3);(197866,0);(-222724,-122084);(22775.9,256554);(120705,-100863);(-75579.6,26559.5);(82956,-12293);(-127377,-45864.6);(54729.9,216223);(191802,-159877);(-177197,-47913.7);(-118338,0);(233545,308399);(-284669,-199173);(164140,72209.5);(-24017.1,-80723.7);(-43629.9,42059.6);(48155.1,-47182);(106111,341567);(-208661,-491584);(85063.9,127470);(178616,0);(-9635.52,-188065);(-153631,64590.3);(76674.3,37989.7);(-35185.9,5158.06);(41213.7,-18253.3);(-55449.3,86867.6);(234404,-72597.9);(-237971,-183473);(11049,208329);
"reggae";(-1295.01,0);(-474.511,-9532);(23165.9,86224.9);(-37491,-90689.5);(17450.2,-4091.74);(-99703.9,-9538.32);(133598,52881.4);(12742.5,4907.7);(-210547,-50207.3);(109300,-4364.86);(-2512.92,0);(8414.39,-28260.1);(-59748.1,36744.6);(77099.5,19926.6);(-41419.7,-42973.9);(10425.6,38224);(3735.48,15271.7);(90916,-37413.2);(-127432,-95120.1);(-3458.74,154045);(1961.46,0);(-8152.85,24394.9);(44404.8,-142919);(-64791,136706);(18306.3,32868.5);(94198.8,-71604.1);(-87540.9,16430.2);(93866.1,4331.25);(-232993,15999.4);(95373.5,-2590.82);(18567.3,0);(-33999.8,25048.3);(89404.9,-5868.58);(-72724.4,-70369.7);(21931.1,62975.6);(-29743.6,-69081.1);(-2547.38,98695.9);(66721.8,-103509);(-130068,18385.8);(59086.3,63603.3);(-1044.89,0);(8347.44,-10205.7);(-87432,56717.3);(100419,-63718.6);(-14284.3,28287.8);(29431.5,16823.1);(20411.1,-15140.4);(74528.2,-22332.8);(-193398,14921.6);(49858.3,-9690.85);(-16044.7,0);(24119.9,1194.89);(-29404.7,-39952.4);(-37821.3,55149.7);(65475.7,6095.78);(-45623.1,-42057.2);(27292.2,68044.4);(22936.3,-97609.7);(-93258,44333.6);(44452.8,18400.6);(-1443.63,0);(3633.91,-7608.57);(51806.9,43890.7);(-98542.2,-55395.8);(51940.7,10315);(10301.2,49474.9);(-46471.9,-36763.8);(115998,13252.9);(-237340,-13928.1);(104019,4944.35);(22752.1,0);(-21138.3,-25693.3);(-13199.5,50556.7);(41584.1,-16840.4);(-6150.62,16515.1);(36670.9,-56373);(-69390,35192);(103066,-34976.2);(-154538,-50972);(70116.7,147224);(6539.92,0);(-14573.9,8473.56);(16247.5,-87695.7);(-33834.8,110122);(77420.6,20639.7);(-121199,-78502.2);(90093.9,50233.8);(114338,-20251.2);(-267941,33319.9);(106237,-17896.5);(480.9,0);(-11873.9,17956);(51081.9,-4495.15);(-41224.3,-54993);(-19809.1,53471.1);(14955.1,-1026.36);(46781.4,29673.1);(10742.7,-124664);(-127308,61398);(94859.5,25691.8);
"rock";(106924,0);(-145450,28653.5);(101683,14986.1);(-53890.6,-1988.75);(10636.6,-43446.6);(-98670.7,50330.9);(97702,-27873.2);(-9424.25,985.866);(7418.97,-7736.1);(-15233.6,12921.9);(-47939.4,0);(71539.6,-3297.64);(-66868.3,-15457.4);(81058.9,23098.9);(-76595.8,-58990.6);(54920.5,89880.5);(5721.42,-98273.8);(-29271.5,51226.9);(19576.9,-32165.5);(-10779,26430.9);(95657.3,0);(-121339,-14153);(58254.7,-32529);(22763.7,19877.2);(-23455,96589.4);(123105,-110063);(-204517,114123);(28634.4,-82730.5);(14653.4,35088.8);(-15594.8,-47151.4);(-56541.7,0);(43897.1,37298.6);(26391.7,-42526.9);(-49960.9,-51171.4);(-21617.9,97610.7);(86576.5,-107736);(-190863,50736.7);(176015,82142.1);(-104102,-111099);(74123.6,125560);(53344.8,0);(-59393.7,-30447.8);(36062.5,8281.93);(-36057.5,-9642.23);(18777.2,14570.5);(60943.6,-29097.7);(-234740,-3106.79);(128751,4511.57);(-4346.16,83844.3);(50414.3,-318070);(-71511.9,0);(60897.5,23763.4);(-43501.7,-30262.1);(38606.8,24678.5);(-41591.6,-24508.6);(73487.5,23814.8);(-95927.6,-115358);(-6739.99,169895);(73232.9,-160180);(-203923,121346);(148004,0);(-18145.7,39182.6);(-229877,-339601);(467855,591493);(-360853,-298534);(15583.4,109535);(303863,-441277);(-315510,619128);(89873.7,-208856);(-319605,220162);(155055,0);(-98370.7,-3237.19);(238420,4237.47);(-162604,-260158);(-114931,158514);(-8984.54,86622);(231427,109310);(31981,-337597);(-291953,107303);(188327,203594);(-65212.2,0);(-79365.9,-48942.1);(292647,-72732.9);(-615808,169064);(488821,116036);(-179143,-160652);(-347204,-253519);(717064,445654);(-254962,-112531);(-119364,72512.5);(-128472,0);(54026.1,78607.2);(-15800.2,20602.7);(167932,23450.2);(-123468,-170330);(85780.1,284104);(234215,-397542);(-435646,2797.85);(124219,166878);(-79949.5,39400.7);
"rock";(8265.6,0);(-34712.2,127432);(146430,622299);(-74314.5,-1.05802e+06);(-317853,285227);(549411,262319);(-267890,-55864.2);(44253,-203683);(27500.9,58107.8);(139439,99089);(92506.7,0);(33715.4,-207123);(-380376,80734.8);(253755,359218);(173092,-291127);(-174039,-49717);(-69457.2,52311);(9315.35,116475);(122632,-755.663);(-14001.8,-134884);(85862.9,0);(-177908,95706.2);(449619,-687682);(-412399,735623);(31357.7,-65457.8);(97948.4,307408);(12763.6,-239041);(16038.7,63806.7);(-96772,-31931.3);(82156.6,66462);(233397,0);(-321522,129322);(648730,66943.2);(-418977,-520968);(65528.3,448398);(59720,-322308);(-92139.3,156821);(39191.5,-96797.6);(-16378.5,41505.5);(-44437,-14101.9);(-13468.4,0);(85854.2,-2573.14);(-604183,345403);(532141,-484878);(116148,160786);(-20793.9,97244);(-32948,56841);(55970.9,-152469);(-160774,18914.1);(125848,98810.7);(-71398.4,0);(178656,-34679.1);(-273576,-271762);(-203267,463302);(456343,-3466.95);(-189095,-259952);(-27176.4,200257);(60249,-82212);(-34628.5,61121.2);(40213.7,-72723.1);(32517.8,0);(-103233,196985);(558646,-221765);(-810026,100607);(528719,-185640);(-85223.1,321366);(-21240.2,-142558);(-10834.6,-27787.9);(-3455.1,-550.469);(-99631.2,65520.7);(176110,0);(-155774,-48637.8);(116640,130924);(23694.5,-31939);(188696,-27609.5);(-118147,-229588);(-69276.1,129757);(40946.7,-47563.3);(-28331.3,28189.6);(38875.2,7736.04);(31504.9,0);(-51092.8,-82877);(-394997,-54805.4);(324943,409795);(201148,-492112);(-245026,78560.5);(151613,94856.7);(28215.4,4491.73);(-102879,56009.9);(9754.81,-146057);(-316341,0);(319192,131924);(-201712,-290132);(15084.6,310723);(125249,-238787);(-199412,100480);(164266,42218.5);(-41669.5,-119982);(-87291.6,47167.9);(48239.2,52500.1);
